{"cameraMode":{"drawMode":0,"name":"Shaded","section":"Shading Mode"},"sceneLighting":true,"audioPlay":false,"sceneViewState":{"showFog":true,"showMaterialUpdate":true,"showSkybox":true,"showFlares":true,"showImageEffects":true,"showParticleSystems":true},"in2DMode":false,"pivot":{"x":-3.639909029006958,"y":-0.3918442726135254,"z":-0.40314149856567385},"rotation":{"x":-0.3906087875366211,"y":-0.5394139289855957,"z":0.30063480138778689,"w":-0.6842771172523499},"size":8.833151817321778,"orthographic":false}