{"cameraMode":{"drawMode":0,"name":"Shaded","section":"Shading Mode"},"sceneLighting":false,"audioPlay":false,"sceneViewState":{"showFog":true,"showMaterialUpdate":false,"showSkybox":true,"showFlares":true,"showImageEffects":true,"showParticleSystems":true},"in2DMode":false,"pivot":{"x":13.290144920349121,"y":-11.660558700561524,"z":31.04605484008789},"rotation":{"x":0.18688374757766725,"y":0.26449429988861086,"z":-0.052339814603328708,"w":0.9446796774864197},"size":22.0,"orthographic":false}